Cod Refer,ECF
11111,1.01.01.01
11121,1.01.01.02
11122,1.01.01.02
11131,1.01.01.03
11132,1.01.01.03
11137,1.01.01.03
11151,1.01.01.04
11152,1.01.01.04
1121111,1.01.02.01
1121112,1.01.02.01
1121121,1.01.02.01
1121122,1.01.02.01
112119,1.01.02.01
1121211,1.01.02.02
1121212,1.01.02.02
1121221,1.01.02.02
1121222,1.01.02.02
112129,1.01.02.02
1122111,1.01.02.01
1122112,1.01.02.01
1122121,1.01.02.01
1122122,1.01.02.01
1122131,1.01.02.01
1122132,1.01.02.01
1122181,1.01.02.01
1122182,1.01.02.01
112219,1.01.02.01
1122211,1.01.02.02
1122212,1.01.02.02
1122221,1.01.02.02
1122222,1.01.02.02
1122231,1.01.02.02
1122232,1.01.02.02
1122281,1.01.02.01
1122282,1.01.02.01
112229,1.01.02.01
1123111,1.01.02.03
1123112,1.01.02.03
1123121,1.01.02.03
1123122,1.01.02.03
1123131,1.01.02.03
1123133,1.01.02.03
1123135,1.01.02.03
1123181,1.01.02.03
1123182,1.01.02.03
112319,1.01.02.03
1123211,1.01.02.04
1123212,1.01.02.04
1123221,1.01.02.04
1123222,1.01.02.04
1123231,1.01.02.04
1123233,1.01.02.04
1123235,1.01.02.04
1123281,1.01.02.04
1123282,1.01.02.04
112329,1.01.02.04
11261111,1.01.02.05
11261112,1.01.02.05
11261121,1.01.02.05
11261122,1.01.02.05
11261131,1.01.02.05
11261132,1.01.02.05
1126121,1.01.02.05
1126122,1.01.02.05
11262111,1.01.02.06
11262112,1.01.02.06
11262121,1.01.02.06
11262122,1.01.02.06
11262131,1.01.02.06
11262132,1.01.02.06
1126221,1.01.02.06
1126222,1.01.02.06
112711,1.01.02.07
112712,1.01.02.07
112719,1.01.02.07
112721,1.01.02.08
112722,1.01.02.08
112729,1.01.02.08
1128181,1.01.02.09
1128182,1.01.02.09
1128189,1.01.02.09
112821,1.01.02.10
112822,1.01.02.10
1128281,1.01.02.10
1128282,1.01.02.10
1128289,1.01.02.10
113111,1.01.03.01
113113,1.01.03.01
113121,1.01.03.01
113123,1.01.03.01
11315,1.01.03.01
113161,1.01.03.03
113162,1.01.03.03
113163,1.01.03.03
11319,1.01.03.03
113211,1.01.03.01
113218,1.01.03.01
113221,1.01.03.01
113223,1.01.03.01
113224,1.01.03.01
113225,1.01.03.01
113228,1.01.03.01
1132311,1.01.03.03
1132312,1.01.03.03
1132321,1.01.03.03
1132322,1.01.03.03
1132331,1.01.03.03
1132332,1.01.03.03
113234,1.01.03.03
113235,1.01.03.03
113238,1.01.03.03
11328,1.01.03.03
11329,
11331,1.01.03.03
11339,1.01.03.03
11341111,1.01.03.03
1134142,1.01.03.03
113418,1.01.03.03
11342111,1.01.03.03
1134242,1.01.03.03
113428,1.01.03.03
11343111,1.01.03.03
11343121,1.01.03.03
11343122,1.01.03.03
11343131,1.01.03.03
11343132,1.01.03.03
1134342,1.01.03.03
113438,1.01.03.03
11349,1.01.03.03
11351,1.01.03.04
11352,1.01.03.04
11353,1.01.03.04
11354,1.01.03.04
11358,1.01.03.04
11359,1.01.03.04
1136111,1.01.03.04
1136112,1.01.03.04
1136113,1.01.03.04
1136121,1.01.03.04
1136122,1.01.03.04
1136123,1.01.03.04
1136181,1.01.03.04
1136182,1.01.03.04
1136183,1.01.03.04
113619,
1136211,1.01.03.04
1136212,1.01.03.04
1136218,1.01.03.04
1136221,1.01.03.04
1136222,1.01.03.04
1136228,1.01.03.04
113627,1.01.03.04
1136281,1.01.03.04
1136282,1.01.03.04
1136288,1.01.03.04
113629,1.01.03.04
113711,1.01.03.05
113712,1.01.03.05
113713,1.01.03.05
113721,1.01.03.05
113722,1.01.03.05
113723,1.01.03.05
113781,1.01.03.05
113782,1.01.03.05
113783,1.01.03.05
11379,1.01.03.05
11381,1.01.03.06
11383,1.01.03.06
11384,1.01.03.06
11386,1.01.03.06
113871,1.01.03.06
113872,1.01.03.06
113873,1.01.03.06
113878,1.01.03.06
11388,1.01.03.06
11389,1.01.03.06
11411,1.01.04.08
11412,1.01.04.08
11413,1.01.04.08
11414,1.01.04.08
11417,1.01.04.08
11418,1.01.04.08
11419,1.01.04.08
11421,1.01.04.08
11422,1.01.04.08
11428,1.01.04.08
11429,1.01.04.08
11431,1.01.04.08
11432,1.01.04.08
11433,1.01.04.08
11435,1.01.04.08
11439,
114411,1.01.04.01
114412,1.01.04.01
114413,1.01.04.01
114414,1.01.04.01
114415,1.01.04.01
114416,1.01.04.01
114421,1.01.04.02
114422,1.01.04.02
114423,1.01.04.02
114425,1.01.04.02
114426,1.01.04.02
114441,1.01.04.03
114442,1.01.04.03
114443,1.01.04.03
114451,1.01.04.04
114453,1.01.04.05
11448,1.01.04.06
11449,1.01.04.08
11451,1.01.04.08
11452,1.01.04.08
11453,1.01.04.08
11458,1.01.04.08
11461,1.01.04.08
11462,1.01.04.08
11468,1.01.04.08
11471,1.01.04.07
11472,1.01.04.07
11473,1.01.04.07
11474,1.01.04.07
11475,1.01.04.07
11476,1.01.04.07
11477,1.01.04.07
11478,
11481,1.01.04.08
11488,1.01.04.08
11489,1.01.04.08
11491,1.01.04.08
11492,1.01.04.08
11493,1.01.04.08
11494,1.01.04.08
11498,1.01.04.08
11499,1.01.04.08
11511,1.01.05.01
11512,1.01.05.01
11513,1.01.05.01
11518,1.01.05.01
11519,1.01.05.01
11521,1.01.05.01
11529,1.01.05.01
11531,1.01.05.01
11539,1.01.05.01
11541,1.01.05.01
11549,1.01.05.01
11551,1.01.05.01
11559,1.01.05.01
11581,1.01.05.01
11589,1.01.05.01
11611,1.01.05.02
116121,1.01.05.02
116122,1.01.05.02
11619,1.01.05.02
11711,1.01.05.03
11721,1.01.05.03
118111,1.01.05.04
118112,1.01.05.04
1181141,1.01.05.04
1181142,1.01.05.04
1181143,1.01.05.04
118115,1.01.05.04
118116,1.01.05.04
118118,1.01.05.04
118123,1.01.05.04
118124,1.01.05.04
118131,1.01.05.04
118132,1.01.05.04
1181411,1.01.05.04
1181421,1.01.05.04
1181481,1.01.05.04
118211,1.01.05.04
118212,1.01.05.04
1182141,1.01.05.04
1182142,1.01.05.04
1182143,1.01.05.04
118215,1.01.05.04
118216,1.01.05.04
118218,1.01.05.04
118223,1.01.05.04
118224,1.01.05.04
118231,1.01.05.04
118232,1.01.05.04
1182411,1.01.05.04
1182421,1.01.05.04
1182481,1.01.05.04
119111,1.01.05.04
119112,1.01.05.04
11912,1.01.05.04
11915,1.01.05.04
1192111,1.01.05.04
1192112,1.01.05.04
1192121,1.01.05.04
1192122,1.01.05.04
119221,1.01.05.04
119222,1.01.05.04
11925,1.01.05.04
11926,1.01.05.04
119311,1.01.05.04
119312,1.01.05.04
11932,1.01.05.04
11934,1.01.05.04
119411,1.01.05.04
119412,1.01.05.04
11942,1.01.05.04
11944,1.01.05.04
1198,1.01.05.04
1199,1.01.05.04
12111111,1.02.01.01
12111112,1.02.01.01
12111121,1.02.01.01
12111122,1.02.01.01
1211119,1.02.01.01
12111211,1.02.01.02
12111212,1.02.01.02
12111221,1.02.01.02
12111222,1.02.01.02
1211129,1.02.01.02
12112111,1.02.01.01
12112112,1.02.01.01
12112121,1.02.01.01
12112122,1.02.01.01
12112131,1.02.01.01
12112132,1.02.01.01
12112141,1.02.01.01
12112142,1.02.01.01
1211219,1.02.01.01
12112211,1.02.01.02
12112212,1.02.01.02
12112221,1.02.01.02
12112222,1.02.01.02
12112231,1.02.01.02
12112232,1.02.01.02
12112241,1.02.01.02
12112242,1.02.01.02
1211229,1.02.01.02
12113111,1.02.01.03
12113112,1.02.01.03
12113121,1.02.01.03
12113122,1.02.01.03
12113131,1.02.01.03
12113133,1.02.01.03
12113135,1.02.01.03
12113181,1.02.01.03
12113182,1.02.01.03
1211319,1.02.01.03
12113211,1.02.01.04
12113212,1.02.01.04
12113221,1.02.01.04
12113222,1.02.01.04
12113231,1.02.01.04
12113233,1.02.01.04
12113235,1.02.01.04
12113281,1.02.01.04
12113282,1.02.01.04
1211329,1.02.01.04
121151,1.02.01.10
121161111,1.02.01.05
121161112,1.02.01.05
121161121,1.02.01.05
121161122,1.02.01.05
121161131,1.02.01.05
121161132,1.02.01.05
12116121,1.02.01.05
12116122,1.02.01.05
121162111,1.02.01.06
121162112,1.02.01.06
121162121,1.02.01.06
121162122,1.02.01.06
121162131,1.02.01.06
121162132,1.02.01.06
12116221,1.02.01.06
12116222,1.02.01.06
1211711,1.02.01.07
1211712,1.02.01.07
1211719,1.02.01.07
1211721,1.02.01.08
1211722,1.02.01.08
1211729,1.02.01.08
12118181,1.02.01.09
12118182,1.02.01.09
12118189,1.02.01.09
1211821,1.02.01.10
1211822,1.02.01.10
12118281,1.02.01.10
12118282,1.02.01.10
12118289,1.02.01.10
121191,1.02.01.10
121192,1.02.01.10
121199,1.02.01.10
1212111,1.02.02.01
1212112,1.02.02.01
1212121,1.02.02.01
1212122,1.02.02.01
1212131,1.02.02.03
1212132,1.02.02.03
1212133,1.02.02.03
121219,1.02.02.03
1212211,1.02.02.02
1212218,1.02.02.02
1212221,1.02.02.02
1212222,1.02.02.02
1212223,1.02.02.02
1212224,1.02.02.02
1212228,1.02.02.02
12122311,1.02.02.03
12122312,1.02.02.03
12122321,1.02.02.03
12122322,1.02.02.03
12122331,1.02.02.01
12122332,1.02.02.01
1212234,1.02.02.01
1212235,1.02.02.01
1212238,1.02.02.01
121229,1.02.02.01
121231,1.02.02.01
121239,1.02.02.01
121241111,1.02.02.03
1212418,1.02.02.03
121242111,1.02.02.03
121242121,1.02.02.03
121242122,1.02.02.03
121242131,1.02.02.03
121242132,1.02.02.03
1212428,1.02.02.03
121243111,1.02.02.03
1212438,1.02.02.03
121249,1.02.02.03
121251,1.02.02.04
121252,1.02.02.04
121253,1.02.02.04
121258,1.02.02.04
121259,1.02.02.04
12126111,1.02.02.04
12126112,1.02.02.04
12126113,1.02.02.04
12126121,1.02.02.04
12126122,1.02.02.04
12126123,1.02.02.04
12126181,1.02.02.04
12126182,1.02.02.04
12126183,1.02.02.04
1212619,1.02.02.04
12126211,1.02.02.04
12126212,1.02.02.04
12126218,1.02.02.04
12126221,1.02.02.04
12126222,1.02.02.04
12126228,1.02.02.04
1212627,1.02.02.04
12126281,1.02.02.04
12126282,1.02.02.04
12126288,1.02.02.04
1212629,1.02.02.04
1212711,1.02.02.05
1212712,1.02.02.05
1212713,1.02.02.05
1212731,1.02.02.05
1212732,1.02.02.05
1212733,1.02.02.05
1212781,1.02.02.05
1212782,1.02.02.05
1212783,1.02.02.05
121279,
121281,1.02.02.06
121282,1.02.02.06
121286,1.02.02.06
121288,1.02.02.06
121289,1.02.02.06
121311,1.02.03.08
121314,1.02.03.08
121319,1.02.03.08
121321,1.02.03.08
121322,1.02.03.08
121328,1.02.03.08
121329,1.02.03.08
121331,1.02.04.02
121332,1.02.04.02
121334,1.02.04.02
121338,1.02.04.02
121339,1.02.04.02
1213411,1.02.03.01
1213412,1.02.03.01
1213413,1.02.03.01
1213416,1.02.03.01
1213421,1.02.03.02
1213422,1.02.03.02
1213423,1.02.03.02
1213424,1.02.03.02
1213426,1.02.03.02
121344,1.02.03.02
1213451,1.02.03.04
1213452,1.02.03.05
121348,1.02.03.06
121349,1.02.03.06
121351,1.02.03.07
121352,1.02.03.07
121353,1.02.03.07
121354,1.02.03.07
121355,1.02.03.07
121356,1.02.03.07
121357,1.02.03.07
121358,1.02.03.07
121381,1.02.03.08
121388,1.02.03.08
121389,1.02.03.08
121391,1.02.03.08
121392,1.02.03.08
121393,1.02.03.08
121394,1.02.03.08
121398,1.02.03.08
121399,1.02.03.08
121411,1.02.04.01
121511,1.02.04.02
1215121,1.02.04.02
1215122,1.02.04.02
121519,1.02.04.02
121611,1.02.04.03
121621,1.02.04.03
12168,1.02.04.03
1217111,1.02.04.04
1217112,1.02.04.04
12171141,1.02.04.04
12171142,1.02.04.04
12171143,1.02.04.04
1217115,1.02.04.04
1217116,1.02.04.04
1217118,1.02.04.04
1217123,1.02.04.04
1217124,1.02.04.04
1217131,1.02.04.04
1217132,1.02.04.04
12171411,1.02.04.04
12171421,1.02.04.04
12171481,1.02.04.04
1217211,1.02.04.04
1217212,1.02.04.04
12172141,1.02.04.04
12172142,1.02.04.04
12172143,1.02.04.04
1217215,1.02.04.04
1217216,1.02.04.04
1217218,1.02.04.04
1217223,1.02.04.04
1217224,1.02.04.04
1217231,1.02.04.04
1217232,1.02.04.04
12172411,1.02.04.04
12172421,1.02.04.04
12172481,1.02.04.04
1218111,1.02.04.04
1218112,1.02.04.04
121812,1.02.04.04
121814,1.02.04.04
12182111,1.02.04.04
12182112,1.02.04.04
12182121,1.02.04.04
12182122,1.02.04.04
1218221,1.02.04.04
1218222,1.02.04.04
121824,1.02.04.04
121825,1.02.04.04
1218311,1.02.04.04
1218312,1.02.04.04
121832,1.02.04.04
121834,1.02.04.04
1218411,1.02.04.04
1218412,1.02.04.04
121842,1.02.04.04
121844,1.02.04.04
12188,1.02.04.04
12189,1.02.04.04
122111,1.02.05.01
122112,1.02.05.01
122121,1.02.05.01
122122,1.02.05.01
122131,1.02.05.01
122132,1.02.05.01
122151,1.02.05.01
122152,1.02.05.01
122161,1.02.05.01
122162,1.02.05.01
122171,1.02.05.01
122172,1.02.05.01
12218,1.02.05.01
12219,1.02.05.01
122211,1.02.05.02
122212,1.02.05.02
122221,1.02.05.02
122222,1.02.05.02
122231,1.02.05.02
122232,1.02.05.02
12224,1.02.05.02
122251,1.02.05.02
122252,1.02.05.02
122261,1.02.05.02
122262,1.02.05.02
122271,1.02.05.02
122272,1.02.05.02
12228,1.02.05.02
12229,1.02.05.02
12231,1.02.05.04
12232,1.02.05.04
12239,1.02.05.04
12241,1.02.05.04
12249,1.02.05.04
122511,1.02.05.04
122512,1.02.05.04
122519,1.02.05.04
122521,1.02.05.04
122523,1.02.05.04
122529,1.02.05.04
122591,1.02.05.04
122592,1.02.05.04
122611,1.02.05.03
122612,1.02.05.03
122619,1.02.05.03
122621,1.02.05.03
122623,1.02.05.03
122629,1.02.05.03
122691,1.02.05.03
122692,1.02.05.03
12281,1.02.05.04
12282,1.02.05.04
12288,1.02.05.04
12289,1.02.05.04
12291,1.02.05.04
12292,1.02.05.04
12293,1.02.05.04
12294,1.02.05.04
12295,1.02.05.04
12296,1.02.05.04
123111,1.02.06.01
123112,1.02.06.01
123119,1.02.06.01
123121,1.02.06.01
123122,1.02.06.01
123129,1.02.06.01
123191,1.02.06.01
123192,1.02.06.01
123211,1.02.06.04
123212,1.02.06.04
12322,1.02.06.04
12323,1.02.06.04
12328,1.02.06.04
123291,1.02.06.07
123292,1.02.06.07
12331,1.02.06.07
12339,1.02.06.07
12341,1.02.06.02
12349,1.02.06.07
12351,1.02.06.03
12352,1.02.06.03
12358,1.02.06.03
12383,1.02.06.03
12388,1.02.06.03
123891,1.02.06.07
123892,1.02.06.07
12431,1.02.07.02
12438,1.02.07.05
12439,1.02.07.06
12481,1.02.07.03
12482,1.02.07.04
12487,1.02.07.04
12488,1.02.07.05
12489,1.02.07.06
1251,1.02.08.01
1252,1.02.08.01
1253,1.02.08.02
19111,
19112,
19113,
19118,
19121,
19131,
19141,
19151,
19152,
19161,
19171,
19181,
21111,2.01.01.01
21112,2.01.01.01
21113,2.01.01.01
21114,2.01.01.01
21115,2.01.01.01
21116,2.01.01.01
211171,2.01.01.01
211172,2.01.01.01
211181,2.01.01.01
211182,2.01.01.01
211183,2.01.01.01
211188,2.01.01.01
211191,2.01.01.01
211192,2.01.01.01
211194,2.01.01.01
211198,2.01.01.01
21121,2.01.01.02
21122,2.01.01.02
21123,2.01.01.02
21124,2.01.01.02
21125,2.01.01.02
21126,2.01.01.02
21128,2.01.01.02
21131,2.01.01.03
21132,2.01.01.03
21133,2.01.01.03
21138,2.01.01.03
21141,2.01.01.04
21142,2.01.01.04
21148,2.01.01.04
21151,2.01.01.04
21159,2.01.01.04
211611,2.01.01.05
211612,2.01.01.05
211621,2.01.01.05
211622,2.01.01.05
21163,2.01.01.05
21164,2.01.01.05
21165,2.01.01.05
21168,2.01.01.05
21169,2.01.01.05
21171,2.01.01.05
21181,2.01.01.05
21191,2.01.01.06
212111,2.01.02.01
212112,2.01.02.01
212121,2.01.02.01
212122,2.01.02.01
212123,2.01.02.01
212211,2.01.02.02
212214,2.01.02.02
212215,2.01.02.02
212218,2.01.02.02
212221,2.01.02.02
212223,2.01.02.02
212231,2.01.02.02
212234,2.01.02.02
212235,2.01.02.02
212238,2.01.02.02
2122411,2.01.02.02
2122414,2.01.02.02
2122418,2.01.02.02
2122421,2.01.02.02
2122424,2.01.02.02
2122428,2.01.02.02
2122431,2.01.02.02
2122434,2.01.02.02
2122438,2.01.02.02
2122611,2.01.02.02
2122614,2.01.02.02
2122618,2.01.02.02
2122621,2.01.02.02
2122624,2.01.02.02
2122628,2.01.02.02
2122631,2.01.02.02
2122634,2.01.02.02
2122638,2.01.02.02
21227,2.01.02.02
21228,2.01.02.02
2123111,2.01.02.03
2123112,2.01.02.03
2123113,2.01.02.03
2123211,2.01.02.03
2123212,2.01.02.03
212324,2.01.02.03
212328,2.01.02.03
2123311,2.01.02.03
2123312,2.01.02.03
2123313,2.01.02.03
2123411,2.01.02.03
2123412,2.01.02.03
212344,2.01.02.03
212348,2.01.02.03
2123511,2.01.02.03
2123512,2.01.02.03
2123513,2.01.02.03
2123611,2.01.02.03
2123612,2.01.02.03
212364,2.01.02.03
212368,2.01.02.03
21237111,2.01.02.03
21237112,2.01.02.03
21237121,2.01.02.03
21237122,2.01.02.03
21237131,2.01.02.03
21237132,2.01.02.03
2123714,2.01.02.03
2123715,2.01.02.03
21237211,2.01.02.03
21237212,2.01.02.03
21237221,2.01.02.03
21237222,2.01.02.03
21237231,2.01.02.03
21237232,2.01.02.03
2123724,2.01.02.03
2123725,2.01.02.03
21237311,2.01.02.03
21237312,2.01.02.03
21237321,2.01.02.03
21237322,2.01.02.03
21237331,2.01.02.03
21237332,2.01.02.03
2123734,2.01.02.03
2123735,2.01.02.03
21241,2.01.02.04
21242,2.01.02.04
2125111,2.01.02.05
2125112,2.01.02.05
212512,2.01.02.05
212521,2.01.02.05
212522,2.01.02.05
212531,2.01.02.05
212532,2.01.02.05
212541,2.01.02.05
212542,2.01.02.05
212551,2.01.02.05
212552,2.01.02.05
212561,2.01.02.05
212562,2.01.02.05
212563,2.01.02.05
21281,2.01.02.06
21282,2.01.02.06
21283,2.01.02.06
21284,2.01.02.06
21285,2.01.02.06
21286,2.01.02.06
21287,2.01.02.06
21288,2.01.02.06
21311,2.01.02.07
21312,2.01.02.07
2132111,2.01.02.07
2132112,2.01.02.07
2132113,2.01.02.07
2132121,2.01.02.07
2132122,2.01.02.07
2132123,2.01.02.07
2132181,2.01.02.07
2132182,2.01.02.07
2132183,2.01.02.07
2132211,2.01.02.07
2132212,2.01.02.07
2132218,2.01.02.07
2132221,2.01.02.07
2132222,2.01.02.07
2132228,2.01.02.07
213227,2.01.02.07
2132281,2.01.02.07
2132282,2.01.02.07
2132288,2.01.02.07
2132311,2.01.02.07
213241,2.01.02.07
21331,2.01.02.07
2135,2.01.02.07
21381,2.01.02.07
21421,2.01.02.08
21431,2.01.02.08
2148111,2.01.02.08
2148112,2.01.02.08
2148113,2.01.02.08
2148121,2.01.02.08
2148122,2.01.02.08
2148123,2.01.02.08
2148131,2.01.02.08
2148132,2.01.02.08
2148133,2.01.02.08
2148181,2.01.02.08
2148182,2.01.02.08
2148183,2.01.02.08
21511,2.01.03.03
21521,2.01.03.01
21541,2.01.03.02
21542,2.01.03.02
21543,2.01.03.02
21551,2.01.03.03
21561,2.01.03.03
21581,2.01.03.03
2161111,2.01.04.01
2161112,2.01.04.01
216112,2.01.04.01
2161151,2.01.04.01
2161152,2.01.04.01
2161161,2.01.04.01
2161162,2.01.04.01
2161163,2.01.04.01
216117,2.01.04.01
216118,2.01.04.01
216131,2.01.04.06
2161511,2.01.04.05
2161512,2.01.04.05
21615161,2.01.04.05
21615162,2.01.04.05
21615163,2.01.04.05
2161517,2.01.04.05
2161518,2.01.04.05
2161521,2.01.04.05
2161522,2.01.04.05
21615261,2.01.04.05
21615262,2.01.04.05
21615263,2.01.04.05
2161527,2.01.04.05
2161528,2.01.04.05
216154,2.01.04.05
21615511,2.01.04.05
21615512,2.01.04.05
216155161,2.01.04.05
216155162,2.01.04.05
216155163,2.01.04.05
21615517,2.01.04.05
21615518,2.01.04.05
21615521,2.01.04.05
21615522,2.01.04.05
216155261,2.01.04.05
216155262,2.01.04.05
216155263,2.01.04.05
21615527,2.01.04.05
21615528,2.01.04.05
216156,2.01.04.05
216159,2.01.04.05
2161611,2.01.04.06
2161612,2.01.04.06
21616161,2.01.04.06
21616162,2.01.04.06
21616163,2.01.04.06
2161617,2.01.04.06
2161618,2.01.04.06
2161621,2.01.04.06
2161622,2.01.04.06
21616261,2.01.04.06
21616262,2.01.04.06
21616263,2.01.04.06
2161627,2.01.04.06
2161628,2.01.04.06
216163,2.01.04.06
216169,2.01.04.06
2161711,2.01.04.06
2161712,2.01.04.06
21617161,2.01.04.06
21617162,2.01.04.06
21617163,2.01.04.06
2161717,2.01.04.06
2161718,2.01.04.06
2161721,2.01.04.06
2161722,2.01.04.06
21617261,2.01.04.06
21617262,2.01.04.06
21617263,2.01.04.06
2161727,2.01.04.06
2161728,2.01.04.06
216179,2.01.04.06
2161911,2.01.04.06
2161912,2.01.04.06
21619141,2.01.04.06
21619142,2.01.04.06
21619143,2.01.04.06
2161915,2.01.04.06
2161918,2.01.04.06
216193,2.01.04.06
2162111,2.01.05.04
2162112,2.01.05.04
216212,2.01.05.04
2162151,2.01.05.04
2162152,2.01.05.04
2162161,2.01.05.04
2162162,2.01.05.04
2162163,2.01.05.04
216217,2.01.05.04
216218,2.01.05.04
2162311,2.01.05.04
2162312,2.01.05.04
2162318,2.01.05.04
2162321,2.01.05.04
2162322,2.01.05.04
2162328,2.01.05.04
2162361,2.01.05.04
2162362,2.01.05.04
2162368,2.01.05.04
2162371,2.01.05.04
2162372,2.01.05.04
2162378,2.01.05.04
2162381,2.01.05.04
2162382,2.01.05.04
2162388,2.01.05.04
216241,2.01.05.04
216242,2.01.05.04
216244,2.01.05.04
2162461,2.01.05.04
2162462,2.01.05.04
2162463,2.01.05.04
216247,2.01.05.04
216248,2.01.05.04
2162511,2.01.05.04
2162512,2.01.05.04
21625161,2.01.05.04
21625162,2.01.05.04
21625163,2.01.05.04
2162517,2.01.05.04
2162518,2.01.05.04
2162521,2.01.05.04
2162522,2.01.05.04
21625261,2.01.05.04
21625262,2.01.05.04
21625263,2.01.05.04
2162527,2.01.05.04
2162528,2.01.05.04
216254,2.01.05.04
216255,2.01.05.04
216259,2.01.05.04
2162611,2.01.05.04
2162612,2.01.05.04
21626161,2.01.05.04
21626162,2.01.05.04
21626163,2.01.05.04
2162617,2.01.05.04
2162618,2.01.05.04
2162621,2.01.05.04
2162622,2.01.05.04
21626261,2.01.05.04
21626262,2.01.05.04
21626263,2.01.05.04
2162627,2.01.05.04
2162628,2.01.05.04
216263,2.01.05.04
216269,2.01.05.04
2162711,2.01.05.04
2162712,2.01.05.04
21627161,2.01.05.04
21627162,2.01.05.04
21627163,2.01.05.04
2162717,2.01.05.04
2162718,2.01.05.04
2162721,2.01.05.04
2162722,2.01.05.04
21627261,2.01.05.04
21627262,2.01.05.04
21627263,2.01.05.04
2162727,2.01.05.04
2162728,2.01.05.04
216281,2.01.05.04
2162911,2.01.05.04
2162912,2.01.05.04
21629141,2.01.05.04
21629142,2.01.05.04
21629143,2.01.05.04
2162915,2.01.05.04
2162918,2.01.05.04
216311,2.01.05.04
2163121,2.01.05.04
2163122,2.01.05.04
2163123,2.01.05.04
2163131,2.01.05.04
2163132,2.01.05.04
2163133,2.01.05.04
2163141,2.01.05.04
2163142,2.01.05.04
2163143,2.01.05.04
2163151,2.01.05.04
2163181,2.01.05.04
2163211,2.01.05.04
2163212,2.01.05.04
2163213,2.01.05.04
2163221,2.01.05.04
2163222,2.01.05.04
2163223,2.01.05.04
2163231,2.01.05.04
2163232,2.01.05.04
2163233,2.01.05.04
2163241,2.01.05.04
2163242,2.01.05.04
2163243,2.01.05.04
2163251,2.01.05.04
2163252,2.01.05.04
2163253,2.01.05.04
2163261,2.01.05.04
2163281,2.01.05.04
2163311,2.01.05.04
2163312,2.01.05.04
21633211,2.01.05.04
21633212,2.01.05.04
21633221,2.01.05.04
21633222,2.01.05.04
21633231,2.01.05.04
21633232,2.01.05.04
21633311,2.01.05.04
21633312,2.01.05.04
21633321,2.01.05.04
21633322,2.01.05.04
21633331,2.01.05.04
21633332,2.01.05.04
216351,2.01.05.04
2163611,2.01.05.04
2163612,2.01.05.04
21636131,2.01.05.04
21636132,2.01.05.04
21636133,2.01.05.04
21636161,2.01.05.04
21636162,2.01.05.04
21636163,2.01.05.04
2163617,2.01.05.04
2163618,2.01.05.04
2163621,2.01.05.04
2163622,2.01.05.04
21636231,2.01.05.04
21636232,2.01.05.04
21636233,2.01.05.04
21636261,2.01.05.04
21636262,2.01.05.04
21636263,2.01.05.04
2163627,2.01.05.04
2163628,2.01.05.04
216363,2.01.05.04
216369,2.01.05.04
2163811,2.01.05.04
2163812,2.01.05.04
21638161,2.01.05.04
21638162,2.01.05.04
21638163,2.01.05.04
2163817,2.01.05.04
2163818,2.01.05.04
2163821,2.01.05.04
2163822,2.01.05.04
21638261,2.01.05.04
21638262,2.01.05.04
21638263,2.01.05.04
2163827,2.01.05.04
2163828,2.01.05.04
216383,2.01.05.04
216389,2.01.05.04
2163911,2.01.05.04
2163912,2.01.05.04
21639131,2.01.05.04
21639132,2.01.05.04
21639133,2.01.05.04
21639141,2.01.05.04
21639142,2.01.05.04
21639143,2.01.05.04
21639151,2.01.05.04
21639152,2.01.05.04
21639153,2.01.05.04
21639161,2.01.05.04
21639162,2.01.05.04
21639163,2.01.05.04
21639171,2.01.05.04
21639172,2.01.05.04
21639173,2.01.05.04
216393,2.01.05.04
2163941,2.01.05.04
2163942,2.01.05.04
21639461,2.01.05.04
21639462,2.01.05.04
21639463,2.01.05.04
2163947,2.01.05.04
2163948,2.01.05.04
2163951,2.01.05.04
2163981,2.01.05.04
21641111,2.01.06.01
21641112,2.01.06.01
21641121,2.01.06.01
21641122,2.01.06.01
21641131,2.01.06.01
21641132,2.01.06.01
216412111,2.01.06.01
216412211,2.01.06.01
216412311,2.01.06.01
216417,2.01.06.01
2164311,2.01.06.02
2164312,2.01.06.02
2164313,2.01.06.02
2164321,2.01.06.02
2164322,2.01.06.02
2164323,2.01.06.02
216437,2.01.06.02
216441,2.01.06.03
2164421,2.01.06.03
2164422,2.01.06.03
2164423,2.01.06.03
216447,2.01.06.03
2164511,2.01.06.04
21645121,2.01.06.04
21645122,2.01.06.04
21645123,2.01.06.04
2164521,2.01.06.04
21645221,2.01.06.04
21645222,2.01.06.04
21645223,2.01.06.04
21645511,2.01.06.04
216455121,2.01.06.04
216455122,2.01.06.04
216455123,2.01.06.04
21645521,2.01.06.04
216455221,2.01.06.04
216455222,2.01.06.04
216455223,2.01.06.04
216456,2.01.06.04
216457,2.01.06.04
216459,2.01.06.04
2164711,2.01.06.05
21647121,2.01.06.05
21647122,2.01.06.05
21647123,2.01.06.05
2164721,2.01.06.05
21647221,2.01.06.05
21647222,2.01.06.05
21647223,2.01.06.05
216473,2.01.06.05
216477,2.01.06.05
216479,2.01.06.05
21649311,2.01.06.05
21649312,2.01.06.05
21649321,2.01.06.05
21649322,2.01.06.05
21649323,2.01.06.05
2164937,2.01.06.05
2164941,2.01.06.05
21649421,2.01.06.05
21649422,2.01.06.05
21649423,2.01.06.05
2164947,2.01.06.05
2164951,2.01.06.05
21649521,2.01.06.05
21649522,2.01.06.05
21649523,2.01.06.05
2164957,2.01.06.05
21649611,2.01.06.05
21649621,2.01.06.05
216496221,2.01.06.05
2164967,2.01.06.05
2164981,2.01.06.05
21649821,2.01.06.05
21649822,2.01.06.05
21649823,2.01.06.05
2164987,2.01.06.05
217112,2.01.07.01
217114,2.01.07.01
217116,2.01.07.01
217117,2.01.07.01
2171211,2.01.07.04
2171212,2.01.07.04
2171231,2.01.07.04
2171232,2.01.07.04
2171251,2.01.07.04
2171252,2.01.07.04
217143,2.01.07.02
217144,2.01.07.02
217145,2.01.07.02
217146,2.01.07.02
217147,2.01.07.02
217151,2.01.07.04
217152,2.01.07.04
217153,2.01.07.04
217154,2.01.07.04
217155,2.01.07.04
217156,2.01.07.04
217157,2.01.07.04
217158,2.01.07.04
217159,2.01.07.04
217161,2.01.07.04
217162,2.01.07.04
217163,2.01.07.04
217164,2.01.07.04
217165,2.01.07.04
217166,2.01.07.04
217167,2.01.07.04
217169,2.01.07.04
217191,2.01.07.04
217192,2.01.07.04
217193,2.01.07.04
217198,2.01.07.04
217212,2.01.07.04
2172141,2.01.07.04
2172142,2.01.07.04
2172143,2.01.07.04
2172161,2.01.07.04
2172162,2.01.07.04
2172163,2.01.07.04
2172171,2.01.07.04
2172172,2.01.07.04
2172173,2.01.07.04
2172181,2.01.07.04
2172211,2.01.07.04
2172212,2.01.07.04
21722311,2.01.07.04
21722312,2.01.07.04
21722321,2.01.07.04
21722322,2.01.07.04
21722331,2.01.07.04
21722332,2.01.07.04
21722511,2.01.07.04
21722512,2.01.07.04
21722521,2.01.07.04
21722522,2.01.07.04
21722531,2.01.07.04
21722532,2.01.07.04
2172431,2.01.07.04
2172432,2.01.07.04
2172433,2.01.07.04
2172441,2.01.07.04
2172442,2.01.07.04
2172443,2.01.07.04
2172451,2.01.07.04
2172452,2.01.07.04
2172453,2.01.07.04
2172461,2.01.07.04
2172462,2.01.07.04
2172463,2.01.07.04
2172471,2.01.07.04
2172472,2.01.07.04
2172473,2.01.07.04
2172481,2.01.07.04
2172611,2.01.07.04
2172612,2.01.07.04
21726131,2.01.07.04
21726132,2.01.07.04
21726133,2.01.07.04
21726141,2.01.07.04
21726142,2.01.07.04
21726143,2.01.07.04
21726151,2.01.07.04
21726152,2.01.07.04
21726153,2.01.07.04
21726161,2.01.07.04
21726162,2.01.07.04
21726163,2.01.07.04
21726171,2.01.07.04
21726172,2.01.07.04
21726173,2.01.07.04
2172618,2.01.07.04
2172621,2.01.07.04
2172622,2.01.07.04
21726231,2.01.07.04
21726232,2.01.07.04
21726233,2.01.07.04
21726241,2.01.07.04
21726242,2.01.07.04
21726243,2.01.07.04
21726251,2.01.07.04
21726252,2.01.07.04
21726253,2.01.07.04
21726261,2.01.07.04
21726262,2.01.07.04
21726263,2.01.07.04
21726271,2.01.07.04
21726272,2.01.07.04
21726273,2.01.07.04
2172628,2.01.07.04
217269,2.01.07.04
217271,2.01.07.04
2172811,2.01.07.04
2172812,2.01.07.04
21728131,2.01.07.04
21728132,2.01.07.04
21728133,2.01.07.04
21728141,2.01.07.04
21728142,2.01.07.04
21728143,2.01.07.04
21728151,2.01.07.04
21728152,2.01.07.04
21728153,2.01.07.04
21728161,2.01.07.04
21728162,2.01.07.04
21728163,2.01.07.04
21728171,2.01.07.04
21728172,2.01.07.04
21728173,2.01.07.04
2172818,2.01.07.04
2172821,2.01.07.04
2172822,2.01.07.04
21728231,2.01.07.04
21728232,2.01.07.04
21728233,2.01.07.04
21728241,2.01.07.04
21728242,2.01.07.04
21728243,2.01.07.04
21728251,2.01.07.04
21728252,2.01.07.04
21728253,2.01.07.04
21728261,2.01.07.04
21728262,2.01.07.04
21728263,2.01.07.04
21728271,2.01.07.04
21728272,2.01.07.04
21728273,2.01.07.04
2172828,2.01.07.04
217289,2.01.07.04
2172911,2.01.07.04
2172931,2.01.07.04
2172932,2.01.07.04
21729331,2.01.07.04
21729332,2.01.07.04
21729333,2.01.07.04
21729341,2.01.07.04
21729342,2.01.07.04
21729343,2.01.07.04
21729351,2.01.07.04
21729352,2.01.07.04
21729353,2.01.07.04
21729361,2.01.07.04
21729362,2.01.07.04
21729363,2.01.07.04
21729371,2.01.07.04
21729372,2.01.07.04
21729373,2.01.07.04
21729412,2.01.07.04
21729414,2.01.07.04
21729416,2.01.07.04
21729417,2.01.07.04
21729418,2.01.07.04
21729421,2.01.07.04
21729422,2.01.07.04
217294231,2.01.07.04
217294232,2.01.07.04
217294233,2.01.07.04
217294241,2.01.07.04
217294242,2.01.07.04
217294243,2.01.07.04
217294251,2.01.07.04
217294252,2.01.07.04
217294253,2.01.07.04
217294261,2.01.07.04
217294262,2.01.07.04
217294263,2.01.07.04
217294271,2.01.07.04
217294272,2.01.07.04
217294273,2.01.07.04
217294281,2.01.07.04
2172981,2.01.07.04
218111,2.01.08.01
218112,2.01.08.01
218113,2.01.08.01
218121,2.01.08.01
218122,2.01.08.01
218123,2.01.08.01
218131,2.01.08.01
218132,2.01.08.01
218133,2.01.08.01
218211,2.01.08.01
218212,2.01.08.01
218213,2.01.08.01
218221,2.01.08.01
218222,2.01.08.01
218223,2.01.08.01
218311,2.01.08.01
218312,2.01.08.01
218313,2.01.08.01
218411,2.01.08.01
218412,2.01.08.01
218413,2.01.08.01
218511,2.01.08.01
218512,2.01.08.01
218513,2.01.08.01
21911,2.01.08.02
21912,2.01.08.02
21914,2.01.08.02
21921,2.01.08.02
21931,2.01.08.02
21941,2.01.08.02
21951,2.01.08.02
21981,2.01.08.02
21991,2.01.08.02
2199211,2.01.08.02
2199221,2.01.08.02
219928,2.01.08.02
22111,2.02.01.01
22119,2.02.01.01
22121,2.02.01.02
22122,2.02.01.03
22123,2.02.01.04
22124,2.02.01.04
22125,2.02.01.04
22129,2.02.01.04
22131,2.02.01.05
22132,2.02.01.05
22139,2.02.01.05
22141,2.02.01.05
22149,2.02.01.05
22181,2.02.01.06
222111,2.02.02.01
222114,2.02.02.01
222115,2.02.02.01
222118,2.02.02.01
222121,2.02.02.01
222123,2.02.02.01
222131,2.02.02.01
222134,2.02.02.01
222135,2.02.02.01
222138,2.02.02.01
2221411,2.02.02.01
2221414,2.02.02.01
2221418,2.02.02.01
2221421,2.02.02.01
2221424,2.02.02.01
2221428,2.02.02.01
2221431,2.02.02.01
2221434,2.02.02.01
2221438,2.02.02.01
2221611,2.02.02.01
2221614,2.02.02.01
2221618,2.02.02.01
2221621,2.02.02.01
2221624,2.02.02.01
2221628,2.02.02.01
2221631,2.02.02.01
2221634,2.02.02.01
2221638,2.02.02.01
22217,2.02.02.01
22218,2.02.02.01
2222111,2.02.02.02
2222112,2.02.02.02
2222211,2.02.02.02
2222212,2.02.02.02
222224,2.02.02.02
222228,2.02.02.02
2222311,2.02.02.02
2222312,2.02.02.02
2222411,2.02.02.02
2222412,2.02.02.02
222244,2.02.02.02
222248,2.02.02.02
2222511,2.02.02.02
2222512,2.02.02.02
2222611,2.02.02.02
2222612,2.02.02.02
222264,2.02.02.02
222268,2.02.02.02
22227111,2.02.02.02
22227112,2.02.02.02
22227121,2.02.02.02
22227122,2.02.02.02
22227131,2.02.02.02
22227132,2.02.02.02
2222714,2.02.02.02
2222715,2.02.02.02
22227211,2.02.02.02
22227212,2.02.02.02
22227221,2.02.02.02
22227222,2.02.02.02
22227231,2.02.02.02
22227232,2.02.02.02
2222724,2.02.02.02
2222725,2.02.02.02
22227311,2.02.02.02
22227312,2.02.02.02
22227321,2.02.02.02
22227322,2.02.02.02
22227331,2.02.02.02
22227332,2.02.02.02
222274,2.02.02.02
222278,2.02.02.02
22231,2.02.02.03
22232,2.02.02.03
222411,2.02.02.03
222412,2.02.02.03
222421,2.02.02.03
222422,2.02.02.03
222431,2.02.02.03
222432,2.02.02.03
222441,2.02.02.03
222442,2.02.02.03
222451,2.02.02.03
222452,2.02.02.03
222461,2.02.02.03
222462,2.02.02.03
222463,2.02.02.03
22258,2.02.02.04
2226111,2.02.02.05
2226112,2.02.02.05
2226113,2.02.02.05
2226121,2.02.02.05
2226122,2.02.02.05
2226123,2.02.02.05
2226181,2.02.02.05
2226182,2.02.02.05
2226183,2.02.02.05
2226211,2.02.02.05
2226212,2.02.02.05
2226218,2.02.02.05
2226221,2.02.02.05
2226222,2.02.02.05
2226228,2.02.02.05
222627,2.02.02.05
2226281,2.02.02.05
2226282,2.02.02.05
2226288,2.02.02.05
22271,2.02.02.05
222811,2.02.02.06
222812,2.02.02.06
222813,2.02.02.06
2231111,2.02.03.01
2231112,2.02.03.01
223112,2.02.03.01
2231151,2.02.03.01
2231152,2.02.03.01
2231161,2.02.03.01
2231162,2.02.03.01
2231163,2.02.03.01
223117,2.02.03.01
223118,2.02.03.01
223131,2.02.03.06
2231511,2.02.03.05
2231512,2.02.03.05
22315161,2.02.03.05
22315162,2.02.03.05
22315163,2.02.03.05
2231517,2.02.03.05
2231518,2.02.03.05
2231521,2.02.03.05
2231522,2.02.03.05
22315261,2.02.03.05
22315262,2.02.03.05
22315263,2.02.03.05
2231527,2.02.03.05
2231528,2.02.03.05
223154,2.02.03.05
223155,2.02.03.05
223159,2.02.03.05
2231611,2.02.03.06
2231612,2.02.03.06
22316161,2.02.03.06
22316162,2.02.03.06
22316163,2.02.03.06
2231617,2.02.03.06
2231618,2.02.03.06
2231621,2.02.03.06
2231622,2.02.03.06
22316261,2.02.03.06
22316262,2.02.03.06
22316263,2.02.03.06
2231627,2.02.03.06
2231628,2.02.03.06
223163,2.02.03.06
223169,2.02.03.06
2231711,2.02.03.06
2231921,2.02.03.06
2231922,2.02.03.06
22319241,2.02.03.06
22319242,2.02.03.06
22319243,2.02.03.06
2231925,2.02.03.06
2231928,2.02.03.06
223193,2.02.03.06
2232111,2.02.04.04
2232112,2.02.04.04
223212,2.02.04.04
2232151,2.02.04.04
2232152,2.02.04.04
2232161,2.02.04.04
2232162,2.02.04.04
2232163,2.02.04.04
223217,2.02.04.04
223218,2.02.04.04
22541,2.02.07.01
22542,2.02.07.01
22543,2.02.07.01
22551,2.02.07.01
22552,2.02.07.01
22553,2.02.07.01
22561,2.02.07.01
22562,2.02.07.01
22563,2.02.07.01
241111,2.03.01.01
241112,2.03.01.01
241121,2.03.01.02
241122,2.03.01.02
24121,2.03.01.03
241221,2.03.01.03
241222,2.03.01.03
24131,2.03.02.01
24132,2.03.02.01
24133,2.03.02.01
24138,2.03.02.01
24141,2.03.02.02
24142,2.03.02.02
24148,2.03.02.02
24149,2.03.02.02
24151,2.03.02.03
24152,2.03.02.03
24153,2.03.02.03
24154,2.03.02.03
24155,2.03.02.03
24156,2.03.02.03
24157,2.03.02.03
241581,2.03.02.04
241582,2.03.02.04
241589,2.03.02.04
24159,2.03.02.04
241611,2.03.03.01
241612,2.03.03.01
24162,2.03.03.01
24169,2.03.03.01
24181,2.03.03.02
24182,2.03.03.02
24183,2.03.03.02
24184,2.03.03.02
24191,2.03.03.04
24211,2.03.03.05
24231,2.03.03.05
24232,2.03.03.05
24241,2.03.03.05
24242,2.03.03.05
24248,2.03.03.05
24251,2.03.03.05
24252,2.03.03.05
242611,2.03.03.01
242612,2.03.03.01
24269,2.03.03.01
24281,2.03.03.05
24282,2.03.03.05
24283,2.03.03.05
29111,2.03.03.05
29112,2.03.03.05
29113,2.03.03.05
29118,2.03.03.05
29121,2.03.03.05
29131,2.03.03.05
29141,2.03.03.05
29151,2.03.03.05
29152,2.03.03.05
29161,2.03.03.05
29171,2.03.03.05
29181,2.03.03.05
3111111,3.01.01.01.01.01.01
3111115,3.01.01.01.01.01.02
3111116,3.01.01.01.01.01.02
3111117,
3111118,
3111121,3.01.01.01.01.01.03
3111125,3.01.01.01.01.01.03
3111126,3.01.01.01.01.01.03
3111131,3.01.01.01.01.01.04
3111135,3.01.01.01.01.01.04
3111136,3.01.01.01.01.01.04
311114,3.01.01.01.01.01.04
3111151,3.01.01.01.01.01.05
3111155,3.01.01.01.01.01.05
3111156,3.01.01.01.01.01.05
31112,3.01.01.01.01.01.05
3111611,3.01.01.01.01.01.03
3111612,3.01.01.01.01.01.03
3111613,3.01.01.01.01.01.03
3111651,3.01.01.01.01.01.03
3111652,3.01.01.01.01.01.03
3111653,3.01.01.01.01.01.03
3111661,3.01.01.01.01.01.03
3111662,3.01.01.01.01.01.03
3111663,3.01.01.01.01.01.03
311171,3.01.01.01.01.01.03
3118111,3.01.01.01.01.01.05
3118112,3.01.01.01.01.01.05
3118115,3.01.01.01.01.01.05
31181161,3.01.01.01.01.01.05
31181162,3.01.01.01.01.01.05
31181163,3.01.01.01.01.01.05
3118117,3.01.01.01.01.01.05
3118118,3.01.01.01.01.01.05
3118119,3.01.01.01.01.01.05
3118121,3.01.01.01.01.01.05
31181221,3.01.01.01.01.01.05
31181222,3.01.01.01.01.01.05
31181223,3.01.01.01.01.01.05
31181231,3.01.01.01.01.01.05
31181232,3.01.01.01.01.01.05
31181233,3.01.01.01.01.01.05
31183111,3.01.01.01.01.01.05
31183112,3.01.01.01.01.01.05
31183119,3.01.01.01.01.01.05
31183121,3.01.01.01.01.01.05
31183122,3.01.01.01.01.01.05
31183129,3.01.01.01.01.01.05
311831611,3.01.01.01.01.01.05
311831612,3.01.01.01.01.01.05
311831619,3.01.01.01.01.01.05
311831621,3.01.01.01.01.01.05
311831622,3.01.01.01.01.01.05
311831629,3.01.01.01.01.01.05
311831631,3.01.01.01.01.01.05
311831632,3.01.01.01.01.01.05
311831639,3.01.01.01.01.01.05
31183171,3.01.01.01.01.01.05
31183172,3.01.01.01.01.01.05
31183179,3.01.01.01.01.01.05
31183181,3.01.01.01.01.01.05
31183182,3.01.01.01.01.01.05
31183189,3.01.01.01.01.01.05
3118321,3.01.01.01.01.01.05
31183221,3.01.01.01.01.01.05
31183222,3.01.01.01.01.01.05
31183223,3.01.01.01.01.01.05
31183231,3.01.01.01.01.01.05
31183232,3.01.01.01.01.01.05
31183233,3.01.01.01.01.01.05
31183241,3.01.01.01.01.01.05
31183242,3.01.01.01.01.01.05
31183243,3.01.01.01.01.01.05
3118329,3.01.01.01.01.01.05
3118811,3.01.01.01.01.01.05
3118812,3.01.01.01.01.01.05
31188131,3.01.01.01.01.01.05
31188132,3.01.01.01.01.01.05
31188133,3.01.01.01.01.01.05
31188141,3.01.01.01.01.01.05
31188142,3.01.01.01.01.01.05
31188143,3.01.01.01.01.01.05
31188151,3.01.01.01.01.01.05
31188152,3.01.01.01.01.01.05
31188153,3.01.01.01.01.01.05
31188161,3.01.01.01.01.01.05
31188162,3.01.01.01.01.01.05
31188163,3.01.01.01.01.01.05
31188171,3.01.01.01.01.01.05
31188172,3.01.01.01.01.01.05
31188173,3.01.01.01.01.01.05
311883,3.01.01.01.01.01.05
311885,3.01.01.01.01.01.05
311889,3.01.01.01.01.01.05
31211,
31221,
31222,
31231,
31249,
3131111,3.01.01.01.01.02.01
3131112,3.01.01.01.01.02.01
31311161,3.01.01.01.01.02.01
31311162,3.01.01.01.01.02.01
31311163,3.01.01.01.01.02.01
3131117,3.01.01.01.01.02.01
3131118,
3131121,3.01.01.01.01.02.01
3131122,3.01.01.01.01.02.01
31311261,3.01.01.01.01.02.01
31311262,3.01.01.01.01.02.01
31311263,3.01.01.01.01.02.01
3131127,3.01.01.01.01.02.01
3131128,3.01.01.01.01.02.01
3131131,
3131132,
31311361,3.01.01.01.01.02.02
31311362,3.01.01.01.01.02.02
31311363,3.01.01.01.01.02.02
3131137,3.01.01.01.01.02.02
3131138,3.01.01.01.01.02.02
3131139,3.01.01.01.01.02.02
313114,3.01.01.01.01.02.02
313123,3.01.01.01.01.02.01
3131311,3.01.01.01.01.02.02
3131312,3.01.01.01.01.02.02
31313161,3.01.01.01.01.02.02
31313162,3.01.01.01.01.02.02
31313163,3.01.01.01.01.02.02
3131317,3.01.01.01.01.02.02
3131318,3.01.01.01.01.02.02
3131321,3.01.01.01.01.02.02
3131322,3.01.01.01.01.02.02
31313261,3.01.01.01.01.02.02
31313262,3.01.01.01.01.02.02
31313263,3.01.01.01.01.02.02
3131327,3.01.01.01.01.02.02
3131328,3.01.01.01.01.02.02
3131329,3.01.01.01.01.02.02
313143,3.01.01.01.01.02.02
3131511,3.01.01.01.01.02.02
3131512,3.01.01.01.01.02.02
31315161,3.01.01.01.01.02.02
31315162,3.01.01.01.01.02.02
31315163,3.01.01.01.01.02.02
3131517,3.01.01.01.01.02.02
3131518,3.01.01.01.01.02.02
3131521,3.01.01.01.01.02.02
3131522,3.01.01.01.01.02.02
31315261,3.01.01.01.01.02.02
31315262,3.01.01.01.01.02.02
31315263,3.01.01.01.01.02.02
3131527,3.01.01.01.01.02.02
3131528,3.01.01.01.01.02.02
3131529,3.01.01.01.01.02.02
3131711,3.01.01.01.01.02.02
3131712,3.01.01.01.01.02.02
31317161,3.01.01.01.01.02.02
31317162,3.01.01.01.01.02.02
31317163,3.01.01.01.01.02.02
3131717,3.01.01.01.01.02.02
3131718,3.01.01.01.01.02.02
3131721,3.01.01.01.01.02.02
3131722,3.01.01.01.01.02.02
31317261,3.01.01.01.01.02.02
31317262,3.01.01.01.01.02.02
31317263,3.01.01.01.01.02.02
3131727,3.01.01.01.01.02.02
3131728,3.01.01.01.01.02.02
3131729,3.01.01.01.01.02.02
313211,3.01.01.01.01.02.02
313217,3.01.01.01.01.02.02
313218,3.01.01.01.01.02.02
313233,3.01.01.01.01.02.02
313241,3.01.01.01.01.02.02
313247,3.01.01.01.01.02.02
313248,3.01.01.01.01.02.02
313263,3.01.01.01.01.02.02
313311,3.01.01.01.01.02.05
313312,3.01.01.01.01.02.05
3133161,3.01.01.01.01.02.05
3133162,3.01.01.01.01.02.05
3133163,3.01.01.01.01.02.05
313317,3.01.01.01.01.02.05
313318,3.01.01.01.01.02.05
313321,3.01.01.01.01.02.05
313327,3.01.01.01.01.02.05
313328,3.01.01.01.01.02.05
313411,3.01.01.01.01.02.06
313412,3.01.01.01.01.02.06
3134161,3.01.01.01.01.02.06
3134162,3.01.01.01.01.02.06
3134163,3.01.01.01.01.02.06
313417,3.01.01.01.01.02.06
313418,3.01.01.01.01.02.06
313421,3.01.01.01.01.02.06
313427,3.01.01.01.01.02.06
313428,3.01.01.01.01.02.06
313511,3.01.01.01.01.02.07
313512,3.01.01.01.01.02.07
313513,3.01.01.01.01.02.07
3135161,3.01.01.01.01.02.07
3135162,3.01.01.01.01.02.07
3135163,3.01.01.01.01.02.07
313517,3.01.01.01.01.02.07
313518,3.01.01.01.01.02.07
313519,3.01.01.01.01.02.07
31371,3.01.01.01.01.02.02
31372,3.01.01.01.01.02.02
3141111,3.01.01.01.01.02.08
3141112,3.01.01.01.01.02.08
314112,3.01.01.01.01.02.08
314114,3.01.01.01.01.02.08
3141161,3.01.01.01.01.02.08
3141162,3.01.01.01.01.02.08
3141163,3.01.01.01.01.02.08
314117,3.01.01.01.01.02.08
314118,3.01.01.01.01.02.08
314119,3.01.01.01.01.02.08
3141211,3.01.01.01.01.02.08
3141212,3.01.01.01.01.02.08
314122,3.01.01.01.01.02.08
314127,3.01.01.01.01.02.08
314128,3.01.01.01.01.02.08
314129,3.01.01.01.01.02.08
314231,3.01.01.01.01.02.09
314237,3.01.01.01.01.02.09
314238,3.01.01.01.01.02.09
314251,3.01.01.01.01.02.09
314257,3.01.01.01.01.02.09
314258,3.01.01.01.01.02.09
314311,3.01.01.01.01.02.10
314312,3.01.01.01.01.02.10
314316,3.01.01.01.01.02.10
314317,3.01.01.01.01.02.10
314318,3.01.01.01.01.02.10
314321,3.01.01.01.01.02.10
314322,3.01.01.01.01.02.10
314326,3.01.01.01.01.02.10
314327,3.01.01.01.01.02.10
314328,3.01.01.01.01.02.10
314331,3.01.01.01.01.02.10
314332,3.01.01.01.01.02.10
314337,3.01.01.01.01.02.10
314338,3.01.01.01.01.02.10
314381,3.01.01.01.01.02.10
314382,3.01.01.01.01.02.10
314386,3.01.01.01.01.02.10
314387,3.01.01.01.01.02.10
314388,3.01.01.01.01.02.10
314391,3.01.01.01.01.02.10
3145111,3.01.01.01.01.02.11
3145112,3.01.01.01.01.02.11
314512,3.01.01.01.01.02.11
314516,3.01.01.01.01.02.11
3145211,3.01.01.01.01.02.11
3145212,3.01.01.01.01.02.11
314522,3.01.01.01.01.02.11
31458,3.01.01.01.01.02.11
315151,3.01.01.01.01.02.12
315181,3.01.01.01.01.02.12
315182,3.01.01.01.01.02.12
315183,3.01.01.01.01.02.12
315184,3.01.01.01.01.02.12
3151861,3.01.01.01.01.02.12
3151862,3.01.01.01.01.02.12
3151863,3.01.01.01.01.02.12
315187,3.01.01.01.01.02.12
315188,
3151892,3.01.01.01.01.02.12
3151898,3.01.01.01.01.02.12
315191,3.01.01.01.01.02.12
315221,3.01.01.01.01.02.13
315222,3.01.01.01.01.02.13
315224,3.01.01.01.01.02.13
315227,3.01.01.01.01.02.13
315228,3.01.01.01.01.02.13
315231,3.01.01.01.01.02.13
315232,3.01.01.01.01.02.13
315238,3.01.01.01.01.02.13
315251,3.01.01.01.01.02.13
315252,3.01.01.01.01.02.13
315256,3.01.01.01.01.02.13
315257,3.01.01.01.01.02.13
315258,3.01.01.01.01.02.13
315261,3.01.01.01.01.02.13
315262,3.01.01.01.01.02.13
315266,3.01.01.01.01.02.13
315267,3.01.01.01.01.02.13
315268,3.01.01.01.01.02.13
315271,3.01.01.01.01.02.13
315272,3.01.01.01.01.02.13
315273,3.01.01.01.01.02.13
315274,3.01.01.01.01.02.13
315278,3.01.01.01.01.02.13
315281,3.01.01.01.01.02.13
315282,3.01.01.01.01.02.13
315283,3.01.01.01.01.02.13
315286,3.01.01.01.01.02.13
315287,3.01.01.01.01.02.13
315288,3.01.01.01.01.02.13
3152891,3.01.01.01.01.02.13
3152892,3.01.01.01.01.02.13
3152898,3.01.01.01.01.02.13
3152913,3.01.01.01.01.02.13
315294,3.01.01.01.01.02.13
315298,3.01.01.01.01.02.13
3191111,3.01.01.01.01.02.04
3191112,3.01.01.01.01.02.04
3191113,3.01.01.01.01.02.04
3191121,3.01.01.01.01.02.04
3191122,3.01.01.01.01.02.04
3191123,3.01.01.01.01.02.04
3191131,3.01.01.01.01.02.04
3191132,3.01.01.01.01.02.04
3191133,3.01.01.01.01.02.04
319114,3.01.01.01.01.02.04
319117,3.01.01.01.01.02.04
319118,3.01.01.01.01.02.04
3191191,3.01.01.01.01.02.04
3191192,3.01.01.01.01.02.04
31911931,3.01.01.01.01.02.04
31911932,3.01.01.01.01.02.04
31911933,3.01.01.01.01.02.04
3191197,3.01.01.01.01.02.04
3191198,3.01.01.01.01.02.04
3191211,3.01.01.01.01.02.04
3191212,3.01.01.01.01.02.04
3191213,3.01.01.01.01.02.04
3191221,3.01.01.01.01.02.04
3191222,3.01.01.01.01.02.04
3191223,3.01.01.01.01.02.04
3191231,3.01.01.01.01.02.04
3191232,3.01.01.01.01.02.04
3191233,3.01.01.01.01.02.04
319127,3.01.01.01.01.02.04
319128,3.01.01.01.01.02.04
3191311,3.01.01.01.01.02.04
3191312,3.01.01.01.01.02.04
31913131,3.01.01.01.01.02.04
31913132,3.01.01.01.01.02.04
31913133,3.01.01.01.01.02.04
3191317,3.01.01.01.01.02.04
3191318,3.01.01.01.01.02.04
3191319,3.01.01.01.01.02.04
319211,
319212,
319213,
319221,
319222,
319223,
31931111,3.01.01.01.01.01.04
31931112,3.01.01.01.01.01.04
31931121,3.01.01.01.01.01.04
31931122,3.01.01.01.01.01.04
31931131,3.01.01.01.01.01.04
31931132,3.01.01.01.01.01.04
31931211,3.01.01.01.01.01.04
31931212,3.01.01.01.01.01.04
31931221,3.01.01.01.01.01.04
31931222,3.01.01.01.01.01.04
31931231,3.01.01.01.01.01.04
31931232,3.01.01.01.01.01.04
31931411,3.01.01.01.01.01.04
31931412,3.01.01.01.01.01.04
31931421,3.01.01.01.01.01.04
31931422,3.01.01.01.01.01.04
31931431,3.01.01.01.01.01.04
31931432,3.01.01.01.01.01.04
3193151,3.01.01.01.01.01.04
3193152,3.01.01.01.01.01.04
3193153,3.01.01.01.01.01.04
319316,3.01.01.01.01.01.04
3193211,3.01.01.01.01.01.04
3193212,3.01.01.01.01.01.04
319324,3.01.01.01.01.01.04
319325,3.01.01.01.01.01.04
319329,3.01.01.01.01.01.04
3194111,3.01.01.01.01.02.05
3194112,3.01.01.01.01.02.05
3194113,3.01.01.01.01.02.05
3194121,3.01.01.01.01.02.05
3194122,3.01.01.01.01.02.05
3194123,3.01.01.01.01.02.05
319417,3.01.01.01.01.02.05
319418,3.01.01.01.01.02.05
3194211,3.01.01.01.01.02.05
3194212,3.01.01.01.01.02.05
3194213,3.01.01.01.01.02.05
3194221,3.01.01.01.01.02.05
3194222,3.01.01.01.01.02.05
3194223,3.01.01.01.01.02.05
319427,3.01.01.01.01.02.05
319428,3.01.01.01.01.02.05
3211111,
3211112,
3211113,
3211114,
3211115,
3211116,
3211121,
3211122,
3211123,
3211124,
3211131,
3211132,
32116111,
32116112,
32116113,
32116114,
32116115,
32116116,
32116121,
32116122,
32116123,
32116124,
32116131,
32116132,
3211614,
3211615,
32116211,
32116212,
32116213,
32116214,
32116215,
32116216,
32116221,
32116222,
32116223,
32116224,
32116231,
32116232,
3211624,
3211625,
32116311,
32116312,
32116313,
32116314,
32116315,
32116316,
32116321,
32116322,
32116323,
32116324,
32116331,
32116332,
3211634,
3211635,
32117,
32121111,
32121112,
32121121,
32121122,
32121131,
32121132,
321216111,
321217,
321231,
321236,
321237,
321241,
321246,
321247,
321251,
321256,
321257,
321261,
321266,
321267,
321291,
321296,
321297,
322111,
322116,
322117,
322121,
322126,
322127,
32213,
322141,
322146,
322147,
322149,
322171,
322176,
322177,
322179,
322311,
322316,
322317,
322411,
322416,
322417,
322511,
322516,
322517,
322518,
323311,
323316,
323317,
323321,
323326,
323327,
323331,
323332,
323337,
323381,
323382,
323387,
323511,
323516,
323517,
323519,
324181,
324186,
324187,
324221,
324226,
324227,
324231,
324236,
324237,
324251,
324256,
324257,
324261,
324266,
324267,
324271,
324272,
324273,
324274,
324278,
324281,
324286,
324287,
3242913,
3242918,
324298,
329111,
329112,
329113,
329117,
329131,
329137,
3291411,
3291412,
3291417,
32921,
32927,
32931111,
32931112,
32931121,
32931122,
32931131,
32931132,
32931211,
32931212,
32931221,
32931222,
32931231,
32931232,
32931311,
32931312,
32931321,
32931322,
32931331,
32931332,
329317,
32932111,
32932112,
32932121,
32932122,
32932131,
32932132,
3293217,
329324,
329325,
329326,
329327,
329328,
329411,
329417,
329421,
329427,
331111,
331112,
331121,
331131,
331132,
331141,
331151,
331152,
331161,
331171,
331172,
331191,
331192,
331211,
331212,
331221,
331231,
331232,
331241,
331251,
331252,
331261,
331271,
331281,
331282,
331291,
331292,
33131,
33132,
33133,
33134,
33135,
33136,
33137,
33138,
331391,
331392,
3321121,
3321122,
3321141,
3321142,
3321161,
3321162,
3321171,
3321172,
3321211,
3321212,
3321231,
3321232,
3321251,
3321252,
332191,
332192,
332198,
3322121,
3322122,
33221411,
33221412,
33221421,
33221422,
33221431,
33221432,
33221511,
33221512,
33221521,
33221522,
33221531,
33221532,
33221711,
33221712,
33221721,
33221722,
33221731,
33221732,
3322181,
3322211,
3322212,
33222311,
33222312,
33222321,
33222322,
33222331,
33222332,
33222511,
33222512,
33222521,
33222522,
33222531,
33222532,
3322921,
3322931,
3322932,
33229331,
33229332,
33229333,
33229341,
33229342,
33229343,
33229351,
33229352,
33229353,
33229361,
33229362,
33229363,
33229371,
33229372,
33229373,
332294,
332298,
33311,
33321,
33322,
33331,
3341111,
3341112,
3341113,
3341121,
3341122,
3341123,
3341124,
334311,
334312,
33441,
33442,
3351111,
3351112,
3351121,
3351122,
335113,
3351211,
3351212,
3351221,
3351222,
335123,
3351411,
3351412,
3351421,
3351422,
335211,
335221,
335222,
335223,
335224,
335311,
33581,
33613,
33618,
336211,
336212,
336213,
336214,
336218,
33623,
336243,
336248,
33628,
339111,
339112,
339113,
339121,
339122,
339123,
3391311,
3391312,
339211,
339212,
339213,
339221,
339222,
339223,
339311,
339312,
339313,
339314,
339315,
339316,
339317,
339318,
341111,
341112,
341113,
341121,
341122,
341123,
341211,
341212,
341213,
341221,
341222,
341223,
341231,
341232,
341233,
341311,
341321,
342111,
342112,
342113,
342121,
342122,
342123,
342211,
342212,
342213,
342221,
342222,
342223,
342311,
342312,
342313,
342321,
342322,
342323,
342911,
342912,
342913,
342921,
342922,
342923,
343111,
343112,
343113,
343121,
343122,
343123,
34321,
34322,
34323,
344111,
344112,
344113,
344121,
344122,
344123,
344181,
344182,
344183,
344221,
344222,
344223,
3442311,
3442312,
3442313,
3442321,
3442322,
3442323,
3442331,
3442332,
3442333,
3442341,
3442342,
3442343,
3442351,
3442352,
3442353,
3442411,
3442412,
3442413,
3442421,
3442422,
3442423,
3442431,
3442432,
3442433,
3442481,
3442482,
3442483,
3442811,
3442812,
3442813,
344511,
344521,
344581,
345111,
345112,
345113,
345121,
345122,
345123,
345131,
345132,
345133,
345181,
345182,
345183,
345211,
345212,
345213,
3452211,
3452212,
3452213,
3452221,
3452222,
3452223,
345223,
345224,
345228,
3452431,
3452432,
3452433,
3452481,
3452482,
3452483,
345281,
345282,
345283,
351111,3.01.01.01.01.04.01
351112,3.01.01.01.01.04.01
351113,3.01.01.01.01.04.01
351114,3.01.01.01.01.04.01
351115,3.01.01.01.01.04.01
351116,3.01.01.01.01.04.01
351117,3.01.01.01.01.04.01
351118,3.01.01.01.01.04.01
351121,3.01.01.01.01.04.02
351122,3.01.01.01.01.04.02
351123,3.01.01.01.01.04.02
351124,3.01.01.01.01.04.02
351125,3.01.01.01.01.04.02
351126,3.01.01.01.01.04.02
351127,3.01.01.01.01.04.02
351128,3.01.01.01.01.04.02
351129,3.01.01.01.01.04.02
351131,3.01.01.01.01.04.02
351132,3.01.01.01.01.04.02
351133,3.01.01.01.01.04.02
351138,3.01.01.01.01.04.02
351141,3.01.01.01.01.04.04
351142,3.01.01.01.01.04.04
351148,3.01.01.01.01.04.04
351151,3.01.01.01.01.04.02
351152,3.01.01.01.01.04.02
351153,3.01.01.01.01.04.02
351154,3.01.01.01.01.04.02
351155,3.01.01.01.01.04.02
351156,3.01.01.01.01.04.02
351157,3.01.01.01.01.04.02
351158,3.01.01.01.01.04.02
351161,3.01.01.01.01.04.02
351162,3.01.01.01.01.04.02
351163,3.01.01.01.01.04.02
351164,3.01.01.01.01.04.02
351165,3.01.01.01.01.04.02
351168,3.01.01.01.01.04.02
351171,3.01.01.01.01.04.02
351172,3.01.01.01.01.04.02
351173,3.01.01.01.01.04.02
351174,3.01.01.01.01.04.02
351175,3.01.01.01.01.04.02
351178,3.01.01.01.01.04.02
351181,3.01.01.01.01.04.02
351188,3.01.01.01.01.04.02
3521111,3.01.01.01.01.04.03
3521112,3.01.01.01.01.04.03
3521121,3.01.01.01.01.04.03
3521122,3.01.01.01.01.04.03
3521131,3.01.01.01.01.04.03
3521132,3.01.01.01.01.04.03
3521141,3.01.01.01.01.04.03
3521142,3.01.01.01.01.04.03
3521151,3.01.01.01.01.04.03
3521152,3.01.01.01.01.04.03
352118,3.01.01.01.01.04.03
352121,3.01.01.01.01.04.03
352128,3.01.01.01.01.04.03
353111,3.01.01.01.01.04.06
353112,3.01.01.01.01.04.06
353113,3.01.01.01.01.04.06
353114,3.01.01.01.01.04.06
353115,3.01.01.01.01.04.06
353116,3.01.01.01.01.04.06
353118,3.01.01.01.01.04.06
353121,3.01.01.01.01.04.06
353122,3.01.01.01.01.04.06
353123,3.01.01.01.01.04.06
353124,3.01.01.01.01.04.06
353125,3.01.01.01.01.04.06
353128,3.01.01.01.01.04.06
353131,3.01.01.01.01.04.06
353132,3.01.01.01.01.04.06
353138,3.01.01.01.01.04.06
353141,3.01.01.01.01.04.06
353142,3.01.01.01.01.04.06
353143,3.01.01.01.01.04.06
353144,3.01.01.01.01.04.06
353148,3.01.01.01.01.04.06
353151,3.01.01.01.01.04.06
353152,3.01.01.01.01.04.06
353153,3.01.01.01.01.04.06
353154,3.01.01.01.01.04.06
353158,3.01.01.01.01.04.06
353161,3.01.01.01.01.04.06
353162,3.01.01.01.01.04.06
353168,3.01.01.01.01.04.06
353171,3.01.01.01.01.04.06
353172,3.01.01.01.01.04.06
353173,3.01.01.01.01.04.06
353174,3.01.01.01.01.04.06
353178,3.01.01.01.01.04.06
353181,3.01.01.01.01.04.07
353182,3.01.01.01.01.04.07
353183,3.01.01.01.01.04.07
353184,3.01.01.01.01.04.07
353188,3.01.01.01.01.04.07
353191,3.01.01.01.01.04.07
353192,3.01.01.01.01.04.07
353193,3.01.01.01.01.04.07
353194,3.01.01.01.01.04.07
353198,3.01.01.01.01.04.07
35411,3.01.01.01.01.04.08
35412,3.01.01.01.01.04.08
35413,3.01.01.01.01.04.08
35418,3.01.01.01.01.04.08
355111,3.01.01.01.01.04.12
355112,3.01.01.01.01.04.12
355113,3.01.01.01.01.04.12
3551211,3.01.01.01.01.04.10
3551212,3.01.01.01.01.04.09
3551221,3.01.01.01.01.04.10
3551222,3.01.01.01.01.04.09
3551231,3.01.01.01.01.04.10
3551232,3.01.01.01.01.04.09
355124,
3551251,3.01.01.01.01.04.10
3551252,3.01.01.01.01.04.09
355181,3.01.01.01.01.04.12
355188,3.01.01.01.01.04.12
35611,3.01.01.01.01.04.08
35612,3.01.01.01.01.04.08
35618,3.01.01.01.01.04.08
35711,3.01.01.01.01.04.17
35712,3.01.01.01.01.04.17
357131,3.01.01.01.01.04.17
358111,3.01.01.01.01.04.19
358112,3.01.01.01.01.04.19
358113,3.01.01.01.01.04.18
358114,3.01.01.01.01.04.19
358118,3.01.01.01.01.04.19
35911,3.01.01.01.01.04.19
361111,3.01.01.01.01.03.07
361115,3.01.01.01.01.03.07
361117,3.01.01.01.01.03.07
361118,3.01.01.01.01.03.07
361121,3.01.01.01.01.03.07
361126,3.01.01.01.01.03.07
361127,3.01.01.01.01.03.07
361128,3.01.01.01.01.03.07
361181,3.01.01.01.01.03.07
361188,3.01.01.01.01.03.07
361211,3.01.01.01.01.03.01
361212,3.01.01.01.01.03.01
361215,3.01.01.01.01.03.01
361218,3.01.01.01.01.03.01
361221,3.01.01.01.01.03.01
361225,3.01.01.01.01.03.01
361227,3.01.01.01.01.03.01
361228,3.01.01.01.01.03.01
361311,3.01.01.01.01.03.01
361315,3.01.01.01.01.03.01
361317,3.01.01.01.01.03.01
361318,3.01.01.01.01.03.01
361321,3.01.01.01.01.03.01
361325,3.01.01.01.01.03.01
361327,3.01.01.01.01.03.01
361328,3.01.01.01.01.03.01
361331,3.01.01.01.01.03.01
361335,3.01.01.01.01.03.01
361337,3.01.01.01.01.03.01
361338,3.01.01.01.01.03.01
361341,3.01.01.01.01.03.01
361346,3.01.01.01.01.03.01
361347,3.01.01.01.01.03.01
361348,3.01.01.01.01.03.01
361381,3.01.01.01.01.03.01
361388,3.01.01.01.01.03.01
361411,3.01.01.01.01.03.02
361412,3.01.01.01.01.03.02
361413,3.01.01.01.01.03.02
361417,3.01.01.01.01.03.02
361418,3.01.01.01.01.03.02
361431,3.01.01.01.01.03.02
361433,3.01.01.01.01.03.02
361434,3.01.01.01.01.03.02
361435,3.01.01.01.01.03.02
361438,3.01.01.01.01.03.02
361481,3.01.01.01.01.03.02
361488,3.01.01.01.01.03.02
361491,3.01.01.01.01.03.02
361495,3.01.01.01.01.03.02
361497,3.01.01.01.01.03.02
361498,3.01.01.01.01.03.02
3615111,3.01.01.01.01.03.07
3615115,3.01.01.01.01.03.07
3615118,3.01.01.01.01.03.07
3615181,3.01.01.01.01.03.07
3615185,3.01.01.01.01.03.07
3615188,3.01.01.01.01.03.07
3615211,3.01.01.01.01.03.07
3615215,3.01.01.01.01.03.07
3615218,3.01.01.01.01.03.07
3615281,3.01.01.01.01.03.07
3615285,3.01.01.01.01.03.07
3615288,3.01.01.01.01.03.07
361611,3.01.01.01.01.03.07
361615,3.01.01.01.01.03.07
361617,3.01.01.01.01.03.07
361618,3.01.01.01.01.03.07
361621,3.01.01.01.01.03.07
361625,3.01.01.01.01.03.07
361627,3.01.01.01.01.03.07
361628,3.01.01.01.01.03.07
361631,3.01.01.01.01.03.07
361635,3.01.01.01.01.03.07
361637,3.01.01.01.01.03.07
361638,3.01.01.01.01.03.07
361651,3.01.01.01.01.03.07
361655,3.01.01.01.01.03.07
361657,3.01.01.01.01.03.07
361658,3.01.01.01.01.03.07
361661,3.01.01.01.01.03.07
361665,3.01.01.01.01.03.07
361667,3.01.01.01.01.03.07
361668,3.01.01.01.01.03.07
361671,3.01.01.01.01.03.07
361677,3.01.01.01.01.03.07
361678,3.01.01.01.01.03.07
361681,3.01.01.01.01.03.07
361687,3.01.01.01.01.03.07
361688,3.01.01.01.01.03.07
361711,3.01.01.01.01.03.07
361715,3.01.01.01.01.03.07
361717,3.01.01.01.01.03.07
361718,3.01.01.01.01.03.07
361721,3.01.01.01.01.03.07
361725,3.01.01.01.01.03.07
361727,3.01.01.01.01.03.07
361728,3.01.01.01.01.03.07
361731,3.01.01.01.01.03.07
361735,3.01.01.01.01.03.07
361737,3.01.01.01.01.03.07
361738,3.01.01.01.01.03.07
361821,3.01.01.01.01.03.07
361825,3.01.01.01.01.03.07
361828,3.01.01.01.01.03.07
361911,3.01.01.01.01.03.07
361915,3.01.01.01.01.03.07
361918,3.01.01.01.01.03.07
361921,3.01.01.01.01.03.07
361925,3.01.01.01.01.03.07
361928,3.01.01.01.01.03.07
361931,3.01.01.01.01.03.07
361941,3.01.01.01.01.03.07
361945,3.01.01.01.01.03.07
361948,3.01.01.01.01.03.07
36195111,3.01.01.01.01.03.07
36195112,3.01.01.01.01.03.07
36195121,3.01.01.01.01.03.07
36195122,3.01.01.01.01.03.07
36195131,3.01.01.01.01.03.07
36195132,3.01.01.01.01.03.07
36195133,
3619521,3.01.01.01.01.03.07
3619522,3.01.01.01.01.03.07
3619523,3.01.01.01.01.03.07
361961,3.01.01.01.01.03.07
361962,3.01.01.01.01.03.07
361963,3.01.01.01.01.03.07
361971,3.01.01.01.01.03.07
361981,3.01.01.01.01.03.07
361985,3.01.01.01.01.03.07
361991,3.01.01.01.01.03.07
361995,3.01.01.01.01.03.07
361998,3.01.01.01.01.03.07
362112,3.01.01.01.01.04.20
362118,3.01.01.01.01.04.20
362121,3.01.01.01.01.04.20
362123,3.01.01.01.01.04.20
362125,3.01.01.01.01.04.20
362131,3.01.01.01.01.04.20
362138,3.01.01.01.01.04.20
362171,3.01.01.01.01.04.20
362178,3.01.01.01.01.04.20
36221,3.01.01.01.01.04.26
36227,3.01.01.01.01.04.26
36228,3.01.01.01.01.04.26
362311,3.01.01.01.01.04.26
362315,3.01.01.01.01.04.26
362317,3.01.01.01.01.04.26
362318,3.01.01.01.01.04.26
362321,3.01.01.01.01.04.26
362325,3.01.01.01.01.04.26
362327,3.01.01.01.01.04.26
362328,3.01.01.01.01.04.26
362331,3.01.01.01.01.04.26
362335,3.01.01.01.01.04.26
362337,3.01.01.01.01.04.26
362338,3.01.01.01.01.04.26
362341,3.01.01.01.01.04.26
362345,3.01.01.01.01.04.26
362348,3.01.01.01.01.04.26
3623511,3.01.01.01.01.04.26
3623515,3.01.01.01.01.04.26
3623517,3.01.01.01.01.04.26
3623518,3.01.01.01.01.04.26
3623521,3.01.01.01.01.04.26
3623525,3.01.01.01.01.04.26
3623527,3.01.01.01.01.04.26
3623528,3.01.01.01.01.04.26
3623531,3.01.01.01.01.04.26
3623535,3.01.01.01.01.04.26
3623537,3.01.01.01.01.04.26
3623538,3.01.01.01.01.04.26
3623611,3.01.01.01.01.04.26
3623615,3.01.01.01.01.04.26
3623617,3.01.01.01.01.04.26
3623618,3.01.01.01.01.04.26
3623621,3.01.01.01.01.04.26
3623625,3.01.01.01.01.04.26
3623627,3.01.01.01.01.04.26
3623628,3.01.01.01.01.04.26
3623631,3.01.01.01.01.04.26
3623635,3.01.01.01.01.04.26
3623637,3.01.01.01.01.04.26
3623638,3.01.01.01.01.04.26
362371,3.01.01.01.01.04.26
362377,3.01.01.01.01.04.26
362378,3.01.01.01.01.04.26
362381,3.01.01.01.01.04.26
362387,3.01.01.01.01.04.26
362388,3.01.01.01.01.04.26
362391,3.01.01.01.01.04.26
362411,3.01.01.01.01.04.26
362412,3.01.01.01.01.04.26
362414,3.01.01.01.01.04.26
362418,3.01.01.01.01.04.26
362421,3.01.01.01.01.04.26
362422,3.01.01.01.01.04.26
362428,3.01.01.01.01.04.26
362451,3.01.01.01.01.04.26
362452,3.01.01.01.01.04.26
362458,3.01.01.01.01.04.26
362461,3.01.01.01.01.04.26
362462,3.01.01.01.01.04.26
362468,3.01.01.01.01.04.26
362471,3.01.01.01.01.04.26
362472,3.01.01.01.01.04.26
362478,3.01.01.01.01.04.26
362481,3.01.01.01.01.04.26
362482,3.01.01.01.01.04.26
362488,3.01.01.01.01.04.26
362491,3.01.01.01.01.04.26
362492,3.01.01.01.01.04.26
362498,3.01.01.01.01.04.26
362511,3.01.01.01.01.04.26
362515,3.01.01.01.01.04.26
362517,3.01.01.01.01.04.26
362518,3.01.01.01.01.04.26
362521,3.01.01.01.01.04.26
362525,3.01.01.01.01.04.26
362527,3.01.01.01.01.04.26
362528,3.01.01.01.01.04.26
362531,3.01.01.01.01.04.26
362535,3.01.01.01.01.04.26
362537,3.01.01.01.01.04.26
362538,3.01.01.01.01.04.26
362611,3.01.01.01.01.04.26
362612,3.01.01.01.01.04.26
362618,3.01.01.01.01.04.26
362621,3.01.01.01.01.04.26
362622,3.01.01.01.01.04.26
362628,3.01.01.01.01.04.26
362651,3.01.01.01.01.04.26
362652,3.01.01.01.01.04.26
362658,3.01.01.01.01.04.26
362671,3.01.01.01.01.04.26
362672,3.01.01.01.01.04.26
362678,3.01.01.01.01.04.26
362711,3.01.01.01.01.04.26
362712,3.01.01.01.01.04.26
362714,3.01.01.01.01.04.26
362718,3.01.01.01.01.04.26
362721,3.01.01.01.01.04.26
362722,3.01.01.01.01.04.26
362728,3.01.01.01.01.04.26
362751,3.01.01.01.01.04.26
362752,3.01.01.01.01.04.26
362758,3.01.01.01.01.04.26
362761,3.01.01.01.01.04.26
362762,3.01.01.01.01.04.26
362768,3.01.01.01.01.04.26
362771,3.01.01.01.01.04.26
362772,3.01.01.01.01.04.26
362778,3.01.01.01.01.04.26
362781,3.01.01.01.01.04.26
362782,3.01.01.01.01.04.26
362788,3.01.01.01.01.04.26
362791,3.01.01.01.01.04.26
362792,3.01.01.01.01.04.26
362798,3.01.01.01.01.04.26
3628111,3.01.01.01.01.04.26
3628112,3.01.01.01.01.04.26
3628113,3.01.01.01.01.04.26
3628121,3.01.01.01.01.04.26
3628122,3.01.01.01.01.04.26
3628123,3.01.01.01.01.04.26
3628181,3.01.01.01.01.04.26
3628182,3.01.01.01.01.04.26
3628183,3.01.01.01.01.04.26
3628211,3.01.01.01.01.04.26
3628212,3.01.01.01.01.04.26
3628213,3.01.01.01.01.04.26
3628221,3.01.01.01.01.04.26
3628222,3.01.01.01.01.04.26
3628223,3.01.01.01.01.04.26
3628281,3.01.01.01.01.04.26
3628282,3.01.01.01.01.04.26
3628283,3.01.01.01.01.04.26
3628511,3.01.01.01.01.04.26
3628512,3.01.01.01.01.04.26
3628513,3.01.01.01.01.04.26
3628521,3.01.01.01.01.04.26
3628522,3.01.01.01.01.04.26
3628523,3.01.01.01.01.04.26
3628581,3.01.01.01.01.04.26
3628582,3.01.01.01.01.04.26
3628583,3.01.01.01.01.04.26
3628621,3.01.01.01.01.04.26
3628622,3.01.01.01.01.04.26
3628623,3.01.01.01.01.04.26
3628681,3.01.01.01.01.04.26
3628682,3.01.01.01.01.04.26
3628683,3.01.01.01.01.04.26
3628721,3.01.01.01.01.04.26
3628722,3.01.01.01.01.04.26
3628723,3.01.01.01.01.04.26
3628781,3.01.01.01.01.04.26
3628782,3.01.01.01.01.04.26
3628783,3.01.01.01.01.04.26
3628821,3.01.01.01.01.04.26
3628822,3.01.01.01.01.04.26
3628823,3.01.01.01.01.04.26
3628881,3.01.01.01.01.04.26
3628882,3.01.01.01.01.04.26
3628883,3.01.01.01.01.04.26
3628921,3.01.01.01.01.04.26
3628922,3.01.01.01.01.04.26
3628923,3.01.01.01.01.04.26
3628981,3.01.01.01.01.04.26
3628982,3.01.01.01.01.04.26
3628983,3.01.01.01.01.04.26
362911,3.01.01.01.01.04.26
362915,3.01.01.01.01.04.26
362918,3.01.01.01.01.04.26
362921,3.01.01.01.01.04.26
362925,3.01.01.01.01.04.26
362928,3.01.01.01.01.04.26
362931,3.01.01.01.01.04.26
362935,3.01.01.01.01.04.26
362938,3.01.01.01.01.04.26
362941,3.01.01.01.01.04.26
362942,3.01.01.01.01.04.26
362951,3.01.01.01.01.04.26
362952,3.01.01.01.01.04.26
362958,3.01.01.01.01.04.26
362961,3.01.01.01.01.04.26
362971,3.01.01.01.01.04.26
362972,3.01.01.01.01.04.26
362978,3.01.01.01.01.04.26
362981,3.01.01.01.01.04.26
362982,3.01.01.01.01.04.26
362983,3.01.01.01.01.04.26
362988,3.01.01.01.01.04.26
362991,3.01.01.01.01.04.26
362992,3.01.01.01.01.04.26
362994,3.01.01.01.01.04.26
362998,3.01.01.01.01.04.26
371111,3.01.01.01.01.04.30
371118,3.01.01.01.01.04.30
371121,3.01.01.01.01.04.30
371122,3.01.01.01.01.04.30
371123,3.01.01.01.01.04.30
371131,3.01.01.01.01.04.30
371138,3.01.01.01.01.04.30
372111,3.01.01.01.01.04.30
372112,3.01.01.01.01.04.30
372113,3.01.01.01.01.04.30
372114,3.01.01.01.01.04.30
372115,3.01.01.01.01.04.30
372116,3.01.01.01.01.04.30
372118,3.01.01.01.01.04.30
372119,3.01.01.01.01.04.30
372121,3.01.01.01.01.04.30
372122,3.01.01.01.01.04.30
372131,3.01.01.01.01.04.30
372138,3.01.01.01.01.04.30
381111,
381112,
381113,
381114,
381115,
381118,
381121,
381122,
381123,
381124,
381125,
381128,
381131,
381132,
381133,
381134,
381135,
381138,
382118,
382128,
38311,
391111,3.03.01
391112,3.02.01
392111,3.01.01.03.03
392112,3.01.01.03.03
392118,3.01.01.03.03
